date	tag	result	input	cache_write	cache_read	output	thinking	cost_usd	turns	duration_s
2026-09-19 19:47:25	s02	WON	1410	63309	2809298	13319	5279	2.648554500000001	58	398
2026-09-19 19:58:16	s03	WON	1442	74620	3224594	19552	7869	3.290568500000001	79	650
2026-09-19 20:12:20	s04	WON	2626	111420	7417291	34979	15585	5.857932750000002	149	842
2026-09-19 20:32:34	s05	WON	1730	118503	5031327	44702	24452	5.88029175	133	1213
2026-09-19 20:50:00	s06	WON	1602	115140	4880141	42688	31170	5.673255250000001	79	1044
2026-09-19 21:04:02	s07	WON	1826	97379	4934493	26069	10928	4.50291325	107	840
2026-09-19 21:22:00	s08	WON	2594	129357	8386711	42078	20001	6.81365775	152	1077
2026-09-19 21:44:57	s09	WON	2370	146687	8175674	53713	27391	7.687008499999998	171	1376
2026-09-19 22:05:37	s10	WON	2210	132205	7194490	42792	23809	6.6044225	125	1238
2026-09-19 22:35:55	s11	WON	2914	160039	10571355	66748	41263	9.21015875	168	1816
2026-09-19 23:06:10	s12	WON	3554	166986	14497310	66150	31944	10.14487	230	1814
2026-09-20 00:06:34	s13	none	7458	329314	52418318	159477	86184	25.410434500000015	538	3622
